"","Provider","TotalEligible","AdaptedCompliant","PercentCompliant","PerformanceLevel"
"1","CHANGE POINT INTEGRATED HEALTH",274,183,0.667883211678832,0.0949832116788322
"2","COMMUNITY BRIDGES",217,132,0.608294930875576,0.0353949308755761
"3","LITTLE COLORADO BEHAVIORAL HEALTH",82,48,0.585365853658537,0.0124658536585366
"4","MOHAVE MENTAL HEALTH",376,254,0.675531914893617,0.102631914893617
"5","POLARA HEALTH",162,109,0.672839506172839,0.0999395061728395
"6","SOUTHWEST BEHAVIORAL HEALTH",515,322,0.625242718446602,0.052342718446602
"7","SPECTRUM HEALTH GROUP",99,63,0.636363636363636,0.0634636363636364
"8","THE GUIDANCE CENTER",109,70,0.642201834862385,0.0693018348623854
