"","Provider","TotalEligible","AdaptedCompliant","PercentCompliant","PerformanceLevel"
"1","CHANGE POINT INTEGRATED HEALTH",146,72,0.493150684931507,0.0995506849315068
"2","COMMUNITY BRIDGES",100,32,0.32,-0.0736
"3","LITTLE COLORADO BEHAVIORAL HEALTH",40,13,0.325,-0.0686
"4","MOHAVE MENTAL HEALTH",182,92,0.505494505494505,0.111894505494505
"5","POLARA HEALTH",81,39,0.481481481481481,0.0878814814814814
"6","SOUTHWEST BEHAVIORAL HEALTH",230,91,0.395652173913043,0.00205217391304346
"7","SPECTRUM HEALTH GROUP",59,23,0.389830508474576,-0.00376949152542372
"8","THE GUIDANCE CENTER",55,24,0.436363636363636,0.0427636363636363
