"","Sex","Members","Percent"
"1","Female",54275,0.522754635203467
"2","Male",49550,0.477245364796533
