"","Sex","Members","Percent"
"1","Female",40010,0.520346984692617
"2","Male",36881,0.479653015307383
