"","SubMeasure.ID","Sum_AdaptedCompliant","Sum_TotalEligible","Percent_Compliant","NCQA_Mean","PerformanceLevel"
"1","AMM2",1181,1834,0.643947655398037,0.5729,0.0710476553980371
"2","FUH7",386,893,0.432250839865622,0.3936,0.0386508398656215
"3","HDO",3113,3113,1,0.93,0.07
