"","County of Residence","Members","Percent"
"1","Apache",5104,0.0663796803266962
"2","Coconino",12086,0.15718354553849
"3","Mohave",36713,0.477468104199451
"4","Navajo",16866,0.21934946872846
"5","Yavapai",6122,0.0796192012069033
