"","Sex","Members","Percent"
"1","Female",54867,0.523011076582846
"2","Male",50039,0.476988923417154
