"","SubMeasure.ID","Sum_AdaptedCompliant","Sum_TotalEligible","Percent_Compliant","NCQA_Mean","PerformanceLevel"
"1","AMM2",1158,1793,0.645844952593419,0.5729,0.0729449525934189
"2","FUH7",355,823,0.43134872417983,0.3936,0.0377487241798299
"3","HDO",3056,3056,1,0.93,0.07
